lncrna_id,partner_id,partner_name,pearson_r,pvalue
Cp_V2_contig_12238,Cp_V2_contig_10455,.,0.9896,0.0
Cp_V2_contig_12238,Cp_V2_contig_13481,.,0.9771,1e-06
Cp_V2_contig_12238,Cp_V2_contig_1105,.,0.977,1e-06
Cp_V2_contig_12238,Cp_V2_contig_5559,.,0.9759,1e-06
Cp_V2_contig_12238,Cp_V2_contig_20690,.,0.9737,2e-06
Cp_V2_contig_12238,Cp_V2_contig_6438,.,0.9728,2e-06
Cp_V2_contig_12238,Cp_V2_contig_17427,.,0.9722,3e-06
Cp_V2_contig_12238,Cp_V2_contig_1013,.,0.9716,3e-06
Cp_V2_contig_12238,Cp_V2_contig_3575,.,0.9693,4e-06
Cp_V2_contig_12238,Cp_V2_contig_25937,.,0.9686,4e-06
Cp_V2_contig_12238,Cp_V2_contig_16567,.,0.9665,5e-06
Cp_V2_contig_12238,Cp_V2_contig_21613,.,0.9653,6e-06
Cp_V2_contig_12238,Cp_V2_contig_11464,.,0.9645,7e-06
Cp_V2_contig_12238,Cp_V2_contig_13148,.,0.9626,8e-06
Cp_V2_contig_12238,Cp_V2_contig_47834,.,0.9626,8e-06
Cp_V2_contig_12238,Cp_V2_contig_6241,.,0.9623,8e-06
Cp_V2_contig_12238,Cp_V2_contig_22977,.,0.9603,1e-05
Cp_V2_contig_12238,Cp_V2_contig_20231,.,0.9602,1e-05
Cp_V2_contig_12238,Cp_V2_contig_47327,.,0.9594,1.1e-05
Cp_V2_contig_12238,Cp_V2_contig_44182,.,0.9586,1.2e-05
Cp_V2_contig_12238,Cp_V2_contig_7514,.,0.9583,1.3e-05
Cp_V2_contig_12238,Cp_V2_contig_1545,.,0.9579,1.3e-05
Cp_V2_contig_12238,Cp_V2_contig_26531,.,0.9555,1.6e-05
Cp_V2_contig_12238,Cp_V2_contig_1,.,0.9551,1.7e-05
Cp_V2_contig_12238,Cp_V2_contig_28879,.,0.9546,1.8e-05
Cp_V2_contig_12238,Cp_V2_contig_24876,.,0.9538,1.9e-05
Cp_V2_contig_12238,Cp_V2_contig_16337,.,0.9535,1.9e-05
Cp_V2_contig_12238,Cp_V2_contig_20784,.,0.9529,2e-05
Cp_V2_contig_12238,Cp_V2_contig_21764,.,0.9526,2.1e-05
Cp_V2_contig_12238,Cp_V2_contig_5702,.,0.9516,2.3e-05
Cp_V2_contig_12238,Cp_V2_contig_377,.,0.9514,2.3e-05
Cp_V2_contig_12238,Cp_V2_contig_9341,.,0.9508,2.4e-05
Cp_V2_contig_12238,Cp_V2_contig_6801,.,0.9506,2.5e-05
Cp_V2_contig_12238,Cp_V2_contig_12798,.,0.9505,2.5e-05
Cp_V2_contig_12238,Cp_V2_contig_5488,.,0.9502,2.5e-05
Cp_V2_contig_12238,Cp_V2_contig_25567,.,0.9501,2.6e-05
Cp_V2_contig_12238,Cp_V2_contig_23462,.,0.9494,2.7e-05
Cp_V2_contig_12238,Cp_V2_contig_35454,.,0.9492,2.7e-05
Cp_V2_contig_12238,Cp_V2_contig_9714,.,0.9492,2.7e-05
Cp_V2_contig_12238,Cp_V2_contig_12398,.,0.9482,3e-05
Cp_V2_contig_12238,Cp_V2_contig_8765,.,0.9482,3e-05
Cp_V2_contig_12238,Cp_V2_contig_18344,.,0.9462,3.4e-05
Cp_V2_contig_12238,Cp_V2_contig_22400,.,0.9461,3.5e-05
Cp_V2_contig_12238,Cp_V2_contig_15547,.,0.9458,3.5e-05
Cp_V2_contig_12238,Cp_V2_contig_10790,.,0.9457,3.5e-05
Cp_V2_contig_12238,Cp_V2_contig_267,.,0.9456,3.6e-05
Cp_V2_contig_12238,Cp_V2_contig_16108,.,0.9454,3.6e-05
Cp_V2_contig_12238,Cp_V2_contig_13560,.,0.9445,3.9e-05
Cp_V2_contig_12238,Cp_V2_contig_1982,.,0.9442,4e-05
Cp_V2_contig_12238,Cp_V2_contig_44940,.,0.9442,4e-05
Cp_V2_contig_12238,Cp_V2_contig_5553,.,0.944,4e-05
Cp_V2_contig_12238,Cp_V2_contig_8565,.,0.9431,4.3e-05
Cp_V2_contig_12238,Cp_V2_contig_2918,.,0.9426,4.4e-05
Cp_V2_contig_12238,Cp_V2_contig_672,.,0.9416,4.8e-05
Cp_V2_contig_12238,Cp_V2_contig_19921,.,0.9415,4.8e-05
Cp_V2_contig_12238,Cp_V2_contig_3210,.,0.9411,4.9e-05
Cp_V2_contig_12238,Cp_V2_contig_7848,.,0.9403,5.2e-05
Cp_V2_contig_12238,Cp_V2_contig_1000,.,0.9402,5.2e-05
Cp_V2_contig_12238,Cp_V2_contig_5205,.,0.9394,5.5e-05
Cp_V2_contig_12238,Cp_V2_contig_1243,.,0.9391,5.6e-05
Cp_V2_contig_12238,Cp_V2_contig_8206,.,0.9391,5.6e-05
Cp_V2_contig_12238,Cp_V2_contig_1461,.,0.9384,5.8e-05
Cp_V2_contig_12238,Cp_V2_contig_5282,.,0.9383,5.9e-05
Cp_V2_contig_12238,Cp_V2_contig_12055,.,0.938,6e-05
Cp_V2_contig_12238,Cp_V2_contig_22671,.,0.9376,6.2e-05
Cp_V2_contig_12238,Cp_V2_contig_6815,.,0.9372,6.3e-05
Cp_V2_contig_12238,Cp_V2_contig_6459,.,0.937,6.4e-05
Cp_V2_contig_12238,Cp_V2_contig_2437,.,0.9369,6.4e-05
Cp_V2_contig_12238,Cp_V2_contig_21131,.,0.9368,6.5e-05
Cp_V2_contig_12238,Cp_V2_contig_19588,.,0.9367,6.5e-05
Cp_V2_contig_12238,Cp_V2_contig_7346,.,0.9367,6.5e-05
Cp_V2_contig_12238,Cp_V2_contig_1119,.,0.9366,6.5e-05
Cp_V2_contig_12238,Cp_V2_contig_20939,.,0.936,6.8e-05
Cp_V2_contig_12238,Cp_V2_contig_46939,.,0.936,6.8e-05
Cp_V2_contig_12238,Cp_V2_contig_23819,.,0.9356,7e-05
Cp_V2_contig_12238,Cp_V2_contig_29662,.,0.9353,7.1e-05
Cp_V2_contig_12238,Cp_V2_contig_7799,.,0.9348,7.3e-05
Cp_V2_contig_12238,Cp_V2_contig_27498,.,0.9346,7.4e-05
Cp_V2_contig_12238,Cp_V2_contig_26277,.,0.9344,7.5e-05
Cp_V2_contig_12238,Cp_V2_contig_22067,.,0.9343,7.5e-05
Cp_V2_contig_12238,Cp_V2_contig_23261,.,0.9342,7.6e-05
Cp_V2_contig_12238,Cp_V2_contig_4505,.,0.9339,7.7e-05
Cp_V2_contig_12238,Cp_V2_contig_9545,.,0.9337,7.8e-05
Cp_V2_contig_12238,Cp_V2_contig_2780,.,0.9335,7.9e-05
Cp_V2_contig_12238,Cp_V2_contig_14994,.,0.9316,8.8e-05
Cp_V2_contig_12238,Cp_V2_contig_3614,.,0.9313,9e-05
Cp_V2_contig_12238,Cp_V2_contig_32562,.,0.9311,9.1e-05
Cp_V2_contig_12238,Cp_V2_contig_13800,.,0.931,9.1e-05
Cp_V2_contig_12238,Cp_V2_contig_8612,.,0.9307,9.3e-05
Cp_V2_contig_12238,Cp_V2_contig_18237,.,0.9299,9.7e-05
Cp_V2_contig_12238,Cp_V2_contig_43831,.,0.9299,9.7e-05
Cp_V2_contig_12238,Cp_V2_contig_12850,.,0.9295,9.9e-05
Cp_V2_contig_12238,Cp_V2_contig_22199,.,0.9295,9.9e-05
Cp_V2_contig_12238,Cp_V2_contig_29277,.,0.9294,0.0001
Cp_V2_contig_12238,Cp_V2_contig_735,.,0.929,0.000102
Cp_V2_contig_12238,Cp_V2_contig_18250,.,0.9287,0.000103
Cp_V2_contig_12238,Cp_V2_contig_7071,.,0.9285,0.000105
Cp_V2_contig_12238,Cp_V2_contig_1681,.,0.9284,0.000105
Cp_V2_contig_12238,Cp_V2_contig_24832,.,0.9283,0.000106
Cp_V2_contig_12238,Cp_V2_contig_35331,.,0.9278,0.000109
Cp_V2_contig_12238,Cp_V2_contig_792,.,0.9272,0.000112
Cp_V2_contig_12238,Cp_V2_contig_21546,.,0.9269,0.000114
Cp_V2_contig_12238,Cp_V2_contig_4595,.,0.9266,0.000116
Cp_V2_contig_12238,Cp_V2_contig_6333,.,0.9265,0.000116
Cp_V2_contig_12238,Cp_V2_contig_5810,.,0.9257,0.000122
Cp_V2_contig_12238,Cp_V2_contig_6533,.,0.9254,0.000123
Cp_V2_contig_12238,Cp_V2_contig_29178,.,0.925,0.000126
Cp_V2_contig_12238,Cp_V2_contig_13382,.,0.9246,0.000129
Cp_V2_contig_12238,Cp_V2_contig_10000,.,0.9245,0.00013
Cp_V2_contig_12238,Cp_V2_contig_33906,.,0.9244,0.00013
Cp_V2_contig_12238,Cp_V2_contig_339,.,0.9243,0.000131
Cp_V2_contig_12238,Cp_V2_contig_44233,.,0.9243,0.000131
Cp_V2_contig_12238,Cp_V2_contig_27371,.,0.9241,0.000133
Cp_V2_contig_12238,Cp_V2_contig_10201,.,0.9237,0.000135
Cp_V2_contig_12238,Cp_V2_contig_4258,.,0.9236,0.000136
Cp_V2_contig_12238,Cp_V2_contig_17626,.,0.9234,0.000137
Cp_V2_contig_12238,Cp_V2_contig_17335,.,0.923,0.00014
Cp_V2_contig_12238,Cp_V2_contig_7988,.,0.9227,0.000142
Cp_V2_contig_12238,Cp_V2_contig_45499,.,0.9226,0.000143
Cp_V2_contig_12238,Cp_V2_contig_3066,.,0.9224,0.000144
Cp_V2_contig_12238,Cp_V2_contig_17218,.,0.9222,0.000146
Cp_V2_contig_12238,Cp_V2_contig_13938,.,0.9221,0.000147
Cp_V2_contig_12238,Cp_V2_contig_30310,.,0.9218,0.000149
Cp_V2_contig_12238,Cp_V2_contig_12024,.,0.9217,0.00015
Cp_V2_contig_12238,Cp_V2_contig_2070,.,0.9211,0.000154
Cp_V2_contig_12238,Cp_V2_contig_2079,.,0.9209,0.000155
Cp_V2_contig_12238,Cp_V2_contig_26352,.,0.9207,0.000157
Cp_V2_contig_12238,Cp_V2_contig_9340,.,0.9205,0.000159
Cp_V2_contig_12238,Cp_V2_contig_214,.,0.9204,0.000159
Cp_V2_contig_12238,Cp_V2_contig_510,.,0.9201,0.000162
Cp_V2_contig_12238,Cp_V2_contig_18169,.,0.9197,0.000165
Cp_V2_contig_12238,Cp_V2_contig_19105,.,0.9191,0.00017
Cp_V2_contig_12238,Cp_V2_contig_6462,.,0.9186,0.000174
Cp_V2_contig_12238,Cp_V2_contig_47812,.,0.9184,0.000176
Cp_V2_contig_12238,Cp_V2_contig_17597,.,0.9181,0.000178
Cp_V2_contig_12238,Cp_V2_contig_18945,.,0.918,0.000179
Cp_V2_contig_12238,Cp_V2_contig_11243,.,0.9179,0.00018
Cp_V2_contig_12238,Cp_V2_contig_252,.,0.9178,0.000181
Cp_V2_contig_12238,Cp_V2_contig_2913,.,0.9177,0.000181
Cp_V2_contig_12238,Cp_V2_contig_4148,.,0.9174,0.000184
Cp_V2_contig_12238,Cp_V2_contig_29118,.,0.9172,0.000186
Cp_V2_contig_12238,Cp_V2_contig_31173,.,0.9172,0.000186
Cp_V2_contig_12238,Cp_V2_contig_37788,.,0.9171,0.000187
Cp_V2_contig_12238,Cp_V2_contig_7792,.,0.9168,0.00019
Cp_V2_contig_12238,Cp_V2_contig_26276,.,0.9166,0.000191
Cp_V2_contig_12238,Cp_V2_contig_16225,.,0.9163,0.000194
Cp_V2_contig_12238,Cp_V2_contig_46148,.,0.9163,0.000194
Cp_V2_contig_12238,Cp_V2_contig_4663,.,0.9163,0.000194
Cp_V2_contig_12238,Cp_V2_contig_40374,.,0.9162,0.000195
Cp_V2_contig_12238,Cp_V2_contig_5722,.,0.916,0.000196
Cp_V2_contig_12238,Cp_V2_contig_11988,.,0.9159,0.000198
Cp_V2_contig_12238,Cp_V2_contig_13805,.,0.9159,0.000198
Cp_V2_contig_12238,Cp_V2_contig_47392,.,0.9159,0.000198
Cp_V2_contig_12238,Cp_V2_contig_20920,.,0.9154,0.000202
Cp_V2_contig_12238,Cp_V2_contig_9156,.,0.9154,0.000202
Cp_V2_contig_12238,Cp_V2_contig_25861,.,0.9153,0.000203
Cp_V2_contig_12238,Cp_V2_contig_44,.,0.9153,0.000203
Cp_V2_contig_12238,Cp_V2_contig_26363,.,0.915,0.000206
Cp_V2_contig_12238,Cp_V2_contig_31365,.,0.9147,0.000209
Cp_V2_contig_12238,Cp_V2_contig_47823,.,0.9146,0.000209
Cp_V2_contig_12238,Cp_V2_contig_9335,.,0.9146,0.000209
Cp_V2_contig_12238,Cp_V2_contig_12986,.,0.9145,0.000211
Cp_V2_contig_12238,Cp_V2_contig_9310,.,0.9145,0.00021
Cp_V2_contig_12238,Cp_V2_contig_17356,.,0.9143,0.000213
Cp_V2_contig_12238,Cp_V2_contig_15870,.,0.9142,0.000213
Cp_V2_contig_12238,Cp_V2_contig_5185,.,0.9142,0.000213
Cp_V2_contig_12238,Cp_V2_contig_1312,.,0.9137,0.000218
Cp_V2_contig_12238,Cp_V2_contig_19807,.,0.9136,0.00022
Cp_V2_contig_12238,Cp_V2_contig_21006,.,0.9129,0.000227
Cp_V2_contig_12238,Cp_V2_contig_918,.,0.9127,0.000229
Cp_V2_contig_12238,Cp_V2_contig_40586,.,0.9125,0.000231
Cp_V2_contig_12238,Cp_V2_contig_45615,.,0.9124,0.000232
Cp_V2_contig_12238,Cp_V2_contig_16890,.,0.9121,0.000235
Cp_V2_contig_12238,Cp_V2_contig_3549,.,0.9121,0.000235
Cp_V2_contig_12238,Cp_V2_contig_9242,.,0.912,0.000235
Cp_V2_contig_12238,Cp_V2_contig_3554,.,0.9119,0.000237
Cp_V2_contig_12238,Cp_V2_contig_25399,.,0.9118,0.000238
Cp_V2_contig_12238,Cp_V2_contig_42312,.,0.9118,0.000238
Cp_V2_contig_12238,Cp_V2_contig_13715,.,0.9117,0.000238
Cp_V2_contig_12238,Cp_V2_contig_47621,.,0.9116,0.00024
Cp_V2_contig_12238,Cp_V2_contig_3704,.,0.9115,0.000241
Cp_V2_contig_12238,Cp_V2_contig_25267,.,0.9113,0.000243
Cp_V2_contig_12238,Cp_V2_contig_3354,.,0.911,0.000246
Cp_V2_contig_12238,Cp_V2_contig_45130,.,0.9108,0.000249
Cp_V2_contig_12238,Cp_V2_contig_42119,.,0.9107,0.00025
Cp_V2_contig_12238,Cp_V2_contig_20543,.,0.9106,0.00025
Cp_V2_contig_12238,Cp_V2_contig_376,.,0.9104,0.000253
Cp_V2_contig_12238,Cp_V2_contig_15710,.,0.9103,0.000254
Cp_V2_contig_12238,Cp_V2_contig_23730,.,0.9102,0.000254
Cp_V2_contig_12238,Cp_V2_contig_26147,.,0.9101,0.000257
Cp_V2_contig_12238,Cp_V2_contig_20122,.,0.9095,0.000263
Cp_V2_contig_12238,Cp_V2_contig_35736,.,0.9094,0.000264
Cp_V2_contig_12238,Cp_V2_contig_4720,.,0.9092,0.000266
Cp_V2_contig_12238,Cp_V2_contig_7098,.,0.9091,0.000268
Cp_V2_contig_12238,Cp_V2_contig_16624,.,0.9084,0.000275
Cp_V2_contig_12238,Cp_V2_contig_5497,.,0.9084,0.000275
Cp_V2_contig_12238,Cp_V2_contig_16983,.,0.9083,0.000277
Cp_V2_contig_12238,Cp_V2_contig_26663,.,0.9081,0.000278
Cp_V2_contig_12238,Cp_V2_contig_35365,.,0.908,0.00028
Cp_V2_contig_12238,Cp_V2_contig_13121,.,0.9078,0.000282
Cp_V2_contig_12238,Cp_V2_contig_18127,.,0.9077,0.000283
Cp_V2_contig_12238,Cp_V2_contig_41290,.,0.9077,0.000284
Cp_V2_contig_12238,Cp_V2_contig_5393,.,0.9077,0.000284
Cp_V2_contig_12238,Cp_V2_contig_2878,.,0.9074,0.000287
Cp_V2_contig_12238,Cp_V2_contig_40304,.,0.9071,0.000291
Cp_V2_contig_12238,Cp_V2_contig_15967,.,0.9069,0.000293
Cp_V2_contig_12238,Cp_V2_contig_22727,.,0.9069,0.000294
Cp_V2_contig_12238,Cp_V2_contig_23115,.,0.9062,0.000303
Cp_V2_contig_12238,Cp_V2_contig_31760,.,0.9056,0.00031
Cp_V2_contig_12238,Cp_V2_contig_20409,.,0.9051,0.000316
Cp_V2_contig_12238,Cp_V2_contig_4964,.,0.9051,0.000316
Cp_V2_contig_12238,Cp_V2_contig_3211,.,0.9046,0.000323
Cp_V2_contig_12238,Cp_V2_contig_43581,.,0.9046,0.000323
Cp_V2_contig_12238,Cp_V2_contig_16530,.,0.9044,0.000326
Cp_V2_contig_12238,Cp_V2_contig_10620,.,0.9042,0.000328
Cp_V2_contig_12238,Cp_V2_contig_14010,.,0.9036,0.000336
Cp_V2_contig_12238,Cp_V2_contig_5212,.,0.9032,0.000341
Cp_V2_contig_12238,Cp_V2_contig_23281,.,0.9031,0.000342
Cp_V2_contig_12238,Cp_V2_contig_12781,.,0.903,0.000344
Cp_V2_contig_12238,Cp_V2_contig_9388,.,0.9027,0.000348
Cp_V2_contig_12238,Cp_V2_contig_6840,.,0.9025,0.000351
Cp_V2_contig_12238,Cp_V2_contig_10805,.,0.9022,0.000356
Cp_V2_contig_12238,Cp_V2_contig_26298,.,0.9022,0.000355
Cp_V2_contig_12238,Cp_V2_contig_11008,.,0.9014,0.000366
Cp_V2_contig_12238,Cp_V2_contig_7760,.,0.9012,0.000369
Cp_V2_contig_12238,Cp_V2_contig_32515,.,0.9011,0.00037
Cp_V2_contig_12238,Cp_V2_contig_4940,.,0.9008,0.000376
Cp_V2_contig_12238,Cp_V2_contig_15653,.,0.9005,0.00038
Cp_V2_contig_12238,Cp_V2_contig_1900,.,0.9004,0.000382
Cp_V2_contig_15059,Cp_V2_contig_332,.,0.9815,1e-06
Cp_V2_contig_15059,Cp_V2_contig_22985,.,0.9623,8e-06
Cp_V2_contig_15059,Cp_V2_contig_12891,.,0.9465,3.3e-05
Cp_V2_contig_15059,Cp_V2_contig_5216,.,0.9344,7.5e-05
Cp_V2_contig_15059,Cp_V2_contig_15027,.,0.9011,0.00037
Cp_V2_contig_24180,Cp_V2_contig_45899,.,0.9836,0.0
Cp_V2_contig_24180,Cp_V2_contig_6376,.,0.9816,0.0
Cp_V2_contig_24180,Cp_V2_contig_5597,.,0.9802,1e-06
Cp_V2_contig_24180,Cp_V2_contig_3837,.,0.9787,1e-06
Cp_V2_contig_24180,Cp_V2_contig_38011,.,0.9776,1e-06
Cp_V2_contig_24180,Cp_V2_contig_32418,.,0.9771,1e-06
Cp_V2_contig_24180,Cp_V2_contig_25283,.,0.9762,1e-06
Cp_V2_contig_24180,Cp_V2_contig_32420,.,0.9761,1e-06
Cp_V2_contig_24180,Cp_V2_contig_46902,.,0.9756,1e-06
Cp_V2_contig_24180,Cp_V2_contig_9538,.,0.9737,2e-06
Cp_V2_contig_24180,Cp_V2_contig_23992,.,0.9715,3e-06
Cp_V2_contig_24180,Cp_V2_contig_10726,.,0.9707,3e-06
Cp_V2_contig_24180,Cp_V2_contig_25880,.,0.9697,4e-06
Cp_V2_contig_24180,Cp_V2_contig_12179,.,0.9688,4e-06
Cp_V2_contig_24180,Cp_V2_contig_10048,.,0.9684,4e-06
Cp_V2_contig_24180,Cp_V2_contig_10120,.,0.9681,4e-06
Cp_V2_contig_24180,Cp_V2_contig_26647,.,0.9681,4e-06
Cp_V2_contig_24180,Cp_V2_contig_21685,.,0.968,4e-06
Cp_V2_contig_24180,Cp_V2_contig_3083,.,0.9651,6e-06
Cp_V2_contig_24180,Cp_V2_contig_11007,.,0.9645,7e-06
Cp_V2_contig_24180,Cp_V2_contig_33310,.,0.9644,7e-06
Cp_V2_contig_24180,Cp_V2_contig_19606,.,0.9632,8e-06
Cp_V2_contig_24180,Cp_V2_contig_3733,.,0.9617,9e-06
Cp_V2_contig_24180,Cp_V2_contig_38417,.,0.9615,9e-06
Cp_V2_contig_24180,Cp_V2_contig_37850,.,0.9606,1e-05
Cp_V2_contig_24180,Cp_V2_contig_38638,.,0.9595,1.1e-05
Cp_V2_contig_24180,Cp_V2_contig_37548,.,0.9589,1.2e-05
Cp_V2_contig_24180,Cp_V2_contig_1533,.,0.9571,1.4e-05
Cp_V2_contig_24180,Cp_V2_contig_12810,.,0.9555,1.6e-05
Cp_V2_contig_24180,Cp_V2_contig_2128,.,0.9547,1.8e-05
Cp_V2_contig_24180,Cp_V2_contig_29767,.,0.9525,2.1e-05
Cp_V2_contig_24180,Cp_V2_contig_14207,.,0.9524,2.1e-05
Cp_V2_contig_24180,Cp_V2_contig_13584,.,0.9475,3.1e-05
Cp_V2_contig_24180,Cp_V2_contig_58,.,0.9467,3.3e-05
Cp_V2_contig_24180,Cp_V2_contig_11082,.,0.9461,3.5e-05
Cp_V2_contig_24180,Cp_V2_contig_18155,.,0.946,3.5e-05
Cp_V2_contig_24180,Cp_V2_contig_8331,.,0.9445,3.9e-05
Cp_V2_contig_24180,Cp_V2_contig_45465,.,0.9435,4.2e-05
Cp_V2_contig_24180,Cp_V2_contig_13780,.,0.9425,4.5e-05
Cp_V2_contig_24180,Cp_V2_contig_19357,.,0.9416,4.7e-05
Cp_V2_contig_24180,Cp_V2_contig_18083,.,0.9403,5.2e-05
Cp_V2_contig_24180,Cp_V2_contig_18571,.,0.9395,5.4e-05
Cp_V2_contig_24180,Cp_V2_contig_24960,.,0.9394,5.5e-05
Cp_V2_contig_24180,Cp_V2_contig_24081,.,0.936,6.8e-05
Cp_V2_contig_24180,Cp_V2_contig_23383,.,0.935,7.2e-05
Cp_V2_contig_24180,Cp_V2_contig_14662,.,0.9327,8.3e-05
Cp_V2_contig_24180,Cp_V2_contig_6504,.,0.9312,9e-05
Cp_V2_contig_24180,Cp_V2_contig_8544,.,0.9307,9.3e-05
Cp_V2_contig_24180,Cp_V2_contig_11871,.,0.9304,9.5e-05
Cp_V2_contig_24180,Cp_V2_contig_43647,.,0.9304,9.4e-05
Cp_V2_contig_24180,Cp_V2_contig_17170,.,0.9297,9.8e-05
Cp_V2_contig_24180,Cp_V2_contig_31461,.,0.9292,0.000101
Cp_V2_contig_24180,Cp_V2_contig_1299,.,0.9291,0.000101
Cp_V2_contig_24180,Cp_V2_contig_21708,.,0.9289,0.000102
Cp_V2_contig_24180,Cp_V2_contig_5104,.,0.9284,0.000106
Cp_V2_contig_24180,Cp_V2_contig_856,.,0.9257,0.000122
Cp_V2_contig_24180,Cp_V2_contig_24162,.,0.9256,0.000123
Cp_V2_contig_24180,Cp_V2_contig_37809,.,0.9252,0.000125
Cp_V2_contig_24180,Cp_V2_contig_1991,.,0.9242,0.000131
Cp_V2_contig_24180,Cp_V2_contig_39651,.,0.9235,0.000137
Cp_V2_contig_24180,Cp_V2_contig_11798,.,0.9215,0.000151
Cp_V2_contig_24180,Cp_V2_contig_17052,.,0.9213,0.000152
Cp_V2_contig_24180,Cp_V2_contig_14382,.,0.9204,0.000159
Cp_V2_contig_24180,Cp_V2_contig_30886,.,0.9196,0.000166
Cp_V2_contig_24180,Cp_V2_contig_4245,.,0.9195,0.000167
Cp_V2_contig_24180,Cp_V2_contig_26525,.,0.9182,0.000177
Cp_V2_contig_24180,Cp_V2_contig_11289,.,0.917,0.000188
Cp_V2_contig_24180,Cp_V2_contig_35060,.,0.9144,0.000211
Cp_V2_contig_24180,Cp_V2_contig_45503,.,0.9144,0.000211
Cp_V2_contig_24180,Cp_V2_contig_1005,.,0.912,0.000236
Cp_V2_contig_24180,Cp_V2_contig_9280,.,0.9115,0.000241
Cp_V2_contig_24180,Cp_V2_contig_15088,.,0.9096,0.000261
Cp_V2_contig_24180,Cp_V2_contig_3434,.,0.9095,0.000263
Cp_V2_contig_24180,Cp_V2_contig_43112,.,0.9091,0.000267
Cp_V2_contig_24180,Cp_V2_contig_24646,.,0.9083,0.000276
Cp_V2_contig_24180,Cp_V2_contig_27725,.,0.9077,0.000284
Cp_V2_contig_24180,Cp_V2_contig_25909,.,0.9061,0.000303
Cp_V2_contig_24180,Cp_V2_contig_21675,.,0.9046,0.000323
Cp_V2_contig_24180,Cp_V2_contig_25011,.,0.9043,0.000326
Cp_V2_contig_24180,Cp_V2_contig_19327,.,0.9037,0.000335
Cp_V2_contig_24180,Cp_V2_contig_10892,.,0.9034,0.000339
Cp_V2_contig_24180,Cp_V2_contig_13975,.,0.903,0.000344
Cp_V2_contig_24180,Cp_V2_contig_26669,.,0.9026,0.00035
Cp_V2_contig_24180,Cp_V2_contig_7308,.,0.9024,0.000352
Cp_V2_contig_24180,Cp_V2_contig_10968,.,0.902,0.000358
Cp_V2_contig_24180,Cp_V2_contig_38445,.,0.9017,0.000362
Cp_V2_contig_24180,Cp_V2_contig_5942,.,0.9017,0.000362
Cp_V2_contig_24180,Cp_V2_contig_2554,.,0.901,0.000373
Cp_V2_contig_24180,Cp_V2_contig_13362,.,0.9007,0.000377
Cp_V2_contig_24180,Cp_V2_contig_15777,.,0.9005,0.000379
Cp_V2_contig_24180,Cp_V2_contig_24396,.,0.9003,0.000383
Cp_V2_contig_2815,Cp_V2_contig_18010,.,0.9823,0.0
Cp_V2_contig_2815,Cp_V2_contig_13515,.,0.9803,1e-06
Cp_V2_contig_2815,Cp_V2_contig_16342,.,0.9802,1e-06
Cp_V2_contig_2815,Cp_V2_contig_16079,.,0.9772,1e-06
Cp_V2_contig_2815,Cp_V2_contig_1856,.,0.9755,2e-06
Cp_V2_contig_2815,Cp_V2_contig_680,.,0.9734,2e-06
Cp_V2_contig_2815,Cp_V2_contig_43581,.,0.9725,2e-06
Cp_V2_contig_2815,Cp_V2_contig_46907,.,0.9679,4e-06
Cp_V2_contig_2815,Cp_V2_contig_24081,.,0.9678,5e-06
Cp_V2_contig_2815,Cp_V2_contig_45503,.,0.9667,5e-06
Cp_V2_contig_2815,Cp_V2_contig_24162,.,0.9666,5e-06
Cp_V2_contig_2815,Cp_V2_contig_7714,.,0.9663,5e-06
Cp_V2_contig_2815,Cp_V2_contig_8579,.,0.9657,6e-06
Cp_V2_contig_2815,Cp_V2_contig_26026,.,0.9647,6e-06
Cp_V2_contig_2815,Cp_V2_contig_5393,.,0.9639,7e-06
Cp_V2_contig_2815,Cp_V2_contig_123,.,0.9632,8e-06
Cp_V2_contig_2815,Cp_V2_contig_1097,.,0.963,8e-06
Cp_V2_contig_2815,Cp_V2_contig_46183,.,0.9624,8e-06
Cp_V2_contig_2815,Cp_V2_contig_34533,.,0.962,9e-06
Cp_V2_contig_2815,Cp_V2_contig_37429,.,0.9605,1e-05
Cp_V2_contig_2815,Cp_V2_contig_22727,.,0.9602,1e-05
Cp_V2_contig_2815,Cp_V2_contig_20939,.,0.9585,1.2e-05
Cp_V2_contig_2815,Cp_V2_contig_31777,.,0.9573,1.4e-05
Cp_V2_contig_2815,Cp_V2_contig_13805,.,0.9571,1.4e-05
Cp_V2_contig_2815,Cp_V2_contig_29767,.,0.9556,1.6e-05
Cp_V2_contig_2815,Cp_V2_contig_27725,.,0.9555,1.6e-05
Cp_V2_contig_2815,Cp_V2_contig_36163,.,0.9555,1.6e-05
Cp_V2_contig_2815,Cp_V2_contig_9550,.,0.9541,1.8e-05
Cp_V2_contig_2815,Cp_V2_contig_17963,.,0.9527,2.1e-05
Cp_V2_contig_2815,Cp_V2_contig_13780,.,0.9522,2.2e-05
Cp_V2_contig_2815,Cp_V2_contig_17052,.,0.9519,2.2e-05
Cp_V2_contig_2815,Cp_V2_contig_4915,.,0.9517,2.2e-05
Cp_V2_contig_2815,Cp_V2_contig_1900,.,0.9515,2.3e-05
Cp_V2_contig_2815,Cp_V2_contig_7739,.,0.9514,2.3e-05
Cp_V2_contig_2815,Cp_V2_contig_16525,.,0.9507,2.4e-05
Cp_V2_contig_2815,Cp_V2_contig_40374,.,0.9504,2.5e-05
Cp_V2_contig_2815,Cp_V2_contig_13783,.,0.9496,2.7e-05
Cp_V2_contig_2815,Cp_V2_contig_10805,.,0.9494,2.7e-05
Cp_V2_contig_2815,Cp_V2_contig_17373,.,0.9493,2.7e-05
Cp_V2_contig_2815,Cp_V2_contig_3865,.,0.9492,2.7e-05
Cp_V2_contig_2815,Cp_V2_contig_7547,.,0.9489,2.8e-05
Cp_V2_contig_2815,Cp_V2_contig_14382,.,0.9483,2.9e-05
Cp_V2_contig_2815,Cp_V2_contig_30041,.,0.9482,3e-05
Cp_V2_contig_2815,Cp_V2_contig_20242,.,0.9471,3.2e-05
Cp_V2_contig_2815,Cp_V2_contig_9158,.,0.9428,4.4e-05
Cp_V2_contig_2815,Cp_V2_contig_40304,.,0.9425,4.5e-05
Cp_V2_contig_2815,Cp_V2_contig_12781,.,0.9416,4.7e-05
Cp_V2_contig_2815,Cp_V2_contig_1018,.,0.9405,5.1e-05
Cp_V2_contig_2815,Cp_V2_contig_2779,.,0.9402,5.2e-05
Cp_V2_contig_2815,Cp_V2_contig_13429,.,0.9396,5.4e-05
Cp_V2_contig_2815,Cp_V2_contig_12055,.,0.9366,6.6e-05
Cp_V2_contig_2815,Cp_V2_contig_44233,.,0.9363,6.7e-05
Cp_V2_contig_2815,Cp_V2_contig_2705,.,0.9361,6.7e-05
Cp_V2_contig_2815,Cp_V2_contig_10017,.,0.9356,7e-05
Cp_V2_contig_2815,Cp_V2_contig_46148,.,0.933,8.1e-05
Cp_V2_contig_2815,Cp_V2_contig_8565,.,0.9325,8.4e-05
Cp_V2_contig_2815,Cp_V2_contig_2303,.,0.932,8.6e-05
Cp_V2_contig_2815,Cp_V2_contig_2079,.,0.9313,8.9e-05
Cp_V2_contig_2815,Cp_V2_contig_27297,.,0.9305,9.4e-05
Cp_V2_contig_2815,Cp_V2_contig_29501,.,0.9305,9.4e-05
Cp_V2_contig_2815,Cp_V2_contig_3544,.,0.9305,9.4e-05
Cp_V2_contig_2815,Cp_V2_contig_12398,.,0.9275,0.00011
Cp_V2_contig_2815,Cp_V2_contig_58,.,0.9272,0.000113
Cp_V2_contig_2815,Cp_V2_contig_28730,.,0.9251,0.000126
Cp_V2_contig_2815,Cp_V2_contig_8615,.,0.925,0.000127
Cp_V2_contig_2815,Cp_V2_contig_7848,.,0.9245,0.00013
Cp_V2_contig_2815,Cp_V2_contig_9315,.,0.9244,0.00013
Cp_V2_contig_2815,Cp_V2_contig_13121,.,0.9228,0.000141
Cp_V2_contig_2815,Cp_V2_contig_714,.,0.9201,0.000162
Cp_V2_contig_2815,Cp_V2_contig_30668,.,0.9193,0.000168
Cp_V2_contig_2815,Cp_V2_contig_1533,.,0.919,0.00017
Cp_V2_contig_2815,Cp_V2_contig_22199,.,0.9171,0.000187
Cp_V2_contig_2815,Cp_V2_contig_24832,.,0.9164,0.000193
Cp_V2_contig_2815,Cp_V2_contig_8635,.,0.9159,0.000198
Cp_V2_contig_2815,Cp_V2_contig_26525,.,0.9154,0.000203
Cp_V2_contig_2815,Cp_V2_contig_10892,.,0.9145,0.000211
Cp_V2_contig_2815,Cp_V2_contig_6165,.,0.9144,0.000212
Cp_V2_contig_2815,Cp_V2_contig_21661,.,0.914,0.000215
Cp_V2_contig_2815,Cp_V2_contig_8206,.,0.9139,0.000217
Cp_V2_contig_2815,Cp_V2_contig_13526,.,0.9135,0.000221
Cp_V2_contig_2815,Cp_V2_contig_7475,.,0.9134,0.000222
Cp_V2_contig_2815,Cp_V2_contig_11289,.,0.9129,0.000227
Cp_V2_contig_2815,Cp_V2_contig_15769,.,0.9129,0.000226
Cp_V2_contig_2815,Cp_V2_contig_16108,.,0.9123,0.000232
Cp_V2_contig_2815,Cp_V2_contig_4693,.,0.9116,0.00024
Cp_V2_contig_2815,Cp_V2_contig_11988,.,0.9109,0.000247
Cp_V2_contig_2815,Cp_V2_contig_19622,.,0.9102,0.000254
Cp_V2_contig_2815,Cp_V2_contig_44940,.,0.9077,0.000283
Cp_V2_contig_2815,Cp_V2_contig_23992,.,0.9058,0.000306
Cp_V2_contig_2815,Cp_V2_contig_12804,.,0.9053,0.000314
Cp_V2_contig_2815,Cp_V2_contig_13584,.,0.9051,0.000317
Cp_V2_contig_2815,Cp_V2_contig_6815,.,0.9051,0.000316
Cp_V2_contig_2815,Cp_V2_contig_46398,.,0.9048,0.00032
Cp_V2_contig_2815,Cp_V2_contig_1799,.,0.9043,0.000327
Cp_V2_contig_2815,Cp_V2_contig_6745,.,0.9039,0.000331
Cp_V2_contig_2815,Cp_V2_contig_9545,.,0.9033,0.00034
Cp_V2_contig_2815,Cp_V2_contig_7243,.,0.9027,0.000349
Cp_V2_contig_2815,Cp_V2_contig_37850,.,0.9024,0.000352
Cp_V2_contig_2815,Cp_V2_contig_17170,.,0.9019,0.00036
Cp_V2_contig_2815,Cp_V2_contig_35736,.,0.9018,0.00036
Cp_V2_contig_2815,Cp_V2_contig_7312,.,0.9002,0.000383
Cp_V2_contig_3232,Cp_V2_contig_31695,.,0.9809,1e-06
Cp_V2_contig_3232,Cp_V2_contig_1607,.,0.9784,1e-06
Cp_V2_contig_3232,Cp_V2_contig_694,.,0.9643,7e-06
Cp_V2_contig_3232,Cp_V2_contig_2580,.,0.9625,8e-06
Cp_V2_contig_3232,Cp_V2_contig_5773,.,0.958,1.3e-05
Cp_V2_contig_3232,Cp_V2_contig_792,.,0.9493,2.7e-05
Cp_V2_contig_3232,Cp_V2_contig_10695,.,0.945,3.7e-05
Cp_V2_contig_3232,Cp_V2_contig_22369,.,0.9402,5.2e-05
Cp_V2_contig_3232,Cp_V2_contig_9335,.,0.9348,7.3e-05
Cp_V2_contig_3232,Cp_V2_contig_29178,.,0.9286,0.000104
Cp_V2_contig_3232,Cp_V2_contig_33507,.,0.9284,0.000106
Cp_V2_contig_3232,Cp_V2_contig_4595,.,0.9271,0.000113
Cp_V2_contig_3232,Cp_V2_contig_37659,.,0.9251,0.000126
Cp_V2_contig_3232,Cp_V2_contig_4325,.,0.9229,0.000141
Cp_V2_contig_3232,Cp_V2_contig_1042,.,0.9219,0.000148
Cp_V2_contig_3232,Cp_V2_contig_29028,.,0.9214,0.000152
Cp_V2_contig_3232,Cp_V2_contig_17692,.,0.9154,0.000202
Cp_V2_contig_3232,Cp_V2_contig_13481,.,0.9089,0.000269
Cp_V2_contig_3232,Cp_V2_contig_9364,.,0.9083,0.000276
Cp_V2_contig_3232,Cp_V2_contig_900,.,0.907,0.000292
Cp_V2_contig_3232,Cp_V2_contig_20023,.,0.9047,0.000321
Cp_V2_contig_3232,Cp_V2_contig_15027,.,0.9009,0.000374
Cp_V2_contig_3232,Cp_V2_contig_14864,.,0.9005,0.00038
Cp_V2_contig_43263,Cp_V2_contig_1856,.,0.9862,0.0
Cp_V2_contig_43263,Cp_V2_contig_3865,.,0.982,0.0
Cp_V2_contig_43263,Cp_V2_contig_1533,.,0.9648,6e-06
Cp_V2_contig_43263,Cp_V2_contig_1097,.,0.9588,1.2e-05
Cp_V2_contig_43263,Cp_V2_contig_13780,.,0.9574,1.4e-05
Cp_V2_contig_43263,Cp_V2_contig_58,.,0.9562,1.5e-05
Cp_V2_contig_43263,Cp_V2_contig_24162,.,0.9557,1.6e-05
Cp_V2_contig_43263,Cp_V2_contig_29767,.,0.955,1.7e-05
Cp_V2_contig_43263,Cp_V2_contig_17052,.,0.9444,3.9e-05
Cp_V2_contig_43263,Cp_V2_contig_24081,.,0.9403,5.2e-05
Cp_V2_contig_43263,Cp_V2_contig_3162,.,0.9391,5.6e-05
Cp_V2_contig_43263,Cp_V2_contig_2779,.,0.9376,6.2e-05
Cp_V2_contig_43263,Cp_V2_contig_15088,.,0.9346,7.4e-05
Cp_V2_contig_43263,Cp_V2_contig_5937,.,0.9344,7.5e-05
Cp_V2_contig_43263,Cp_V2_contig_23992,.,0.9337,7.8e-05
Cp_V2_contig_43263,Cp_V2_contig_17963,.,0.9287,0.000104
Cp_V2_contig_43263,Cp_V2_contig_13515,.,0.927,0.000114
Cp_V2_contig_43263,Cp_V2_contig_2705,.,0.9239,0.000134
Cp_V2_contig_43263,Cp_V2_contig_12810,.,0.9222,0.000146
Cp_V2_contig_43263,Cp_V2_contig_20199,.,0.9221,0.000147
Cp_V2_contig_43263,Cp_V2_contig_4915,.,0.9221,0.000147
Cp_V2_contig_43263,Cp_V2_contig_18010,.,0.9207,0.000157
Cp_V2_contig_43263,Cp_V2_contig_680,.,0.9201,0.000162
Cp_V2_contig_43263,Cp_V2_contig_13863,.,0.92,0.000162
Cp_V2_contig_43263,Cp_V2_contig_45503,.,0.9193,0.000168
Cp_V2_contig_43263,Cp_V2_contig_37850,.,0.9189,0.000172
Cp_V2_contig_43263,Cp_V2_contig_15015,.,0.9185,0.000175
Cp_V2_contig_43263,Cp_V2_contig_18370,.,0.9181,0.000178
Cp_V2_contig_43263,Cp_V2_contig_3083,.,0.9168,0.000189
Cp_V2_contig_43263,Cp_V2_contig_714,.,0.9162,0.000195
Cp_V2_contig_43263,Cp_V2_contig_16525,.,0.9145,0.00021
Cp_V2_contig_43263,Cp_V2_contig_17170,.,0.9137,0.000219
Cp_V2_contig_43263,Cp_V2_contig_4999,.,0.9129,0.000226
Cp_V2_contig_43263,Cp_V2_contig_17373,.,0.9121,0.000235
Cp_V2_contig_43263,Cp_V2_contig_2303,.,0.9119,0.000237
Cp_V2_contig_43263,Cp_V2_contig_13584,.,0.9118,0.000237
Cp_V2_contig_43263,Cp_V2_contig_21685,.,0.9101,0.000257
Cp_V2_contig_43263,Cp_V2_contig_33310,.,0.91,0.000257
Cp_V2_contig_43263,Cp_V2_contig_1845,.,0.9099,0.000258
Cp_V2_contig_43263,Cp_V2_contig_46183,.,0.9099,0.000258
Cp_V2_contig_43263,Cp_V2_contig_11797,.,0.9098,0.00026
Cp_V2_contig_43263,Cp_V2_contig_9158,.,0.909,0.000269
Cp_V2_contig_43263,Cp_V2_contig_11289,.,0.9087,0.000272
Cp_V2_contig_43263,Cp_V2_contig_18155,.,0.9083,0.000277
Cp_V2_contig_43263,Cp_V2_contig_9550,.,0.9074,0.000287
Cp_V2_contig_43263,Cp_V2_contig_11871,.,0.9067,0.000296
Cp_V2_contig_43263,Cp_V2_contig_27725,.,0.906,0.000304
Cp_V2_contig_43263,Cp_V2_contig_20242,.,0.9057,0.000308
Cp_V2_contig_43263,Cp_V2_contig_11007,.,0.9049,0.000319
Cp_V2_contig_43263,Cp_V2_contig_2326,.,0.9049,0.000318
Cp_V2_contig_43263,Cp_V2_contig_15556,.,0.9043,0.000326
Cp_V2_contig_43263,Cp_V2_contig_30041,.,0.9022,0.000355
Cp_V2_contig_43263,Cp_V2_contig_1900,.,0.901,0.000373
Cp_V2_contig_43263,Cp_V2_contig_29501,.,0.9003,0.000383
Cp_V2_contig_43263,Cp_V2_contig_10048,.,0.9001,0.000385
Cp_V2_contig_45133,Cp_V2_contig_6376,.,0.9943,0.0
Cp_V2_contig_45133,Cp_V2_contig_12810,.,0.9913,0.0
Cp_V2_contig_45133,Cp_V2_contig_3083,.,0.9889,0.0
Cp_V2_contig_45133,Cp_V2_contig_23992,.,0.9881,0.0
Cp_V2_contig_45133,Cp_V2_contig_25283,.,0.9864,0.0
Cp_V2_contig_45133,Cp_V2_contig_10726,.,0.9862,0.0
Cp_V2_contig_45133,Cp_V2_contig_1533,.,0.9819,0.0
Cp_V2_contig_45133,Cp_V2_contig_5597,.,0.9814,1e-06
Cp_V2_contig_45133,Cp_V2_contig_32420,.,0.9806,1e-06
Cp_V2_contig_45133,Cp_V2_contig_33310,.,0.9783,1e-06
Cp_V2_contig_45133,Cp_V2_contig_12179,.,0.9769,1e-06
Cp_V2_contig_45133,Cp_V2_contig_10048,.,0.976,1e-06
Cp_V2_contig_45133,Cp_V2_contig_38011,.,0.976,1e-06
Cp_V2_contig_45133,Cp_V2_contig_45899,.,0.9755,2e-06
Cp_V2_contig_45133,Cp_V2_contig_32418,.,0.9746,2e-06
Cp_V2_contig_45133,Cp_V2_contig_37548,.,0.9741,2e-06
Cp_V2_contig_45133,Cp_V2_contig_24960,.,0.972,3e-06
Cp_V2_contig_45133,Cp_V2_contig_9538,.,0.9714,3e-06
Cp_V2_contig_45133,Cp_V2_contig_11082,.,0.969,4e-06
Cp_V2_contig_45133,Cp_V2_contig_21685,.,0.969,4e-06
Cp_V2_contig_45133,Cp_V2_contig_38417,.,0.9684,4e-06
Cp_V2_contig_45133,Cp_V2_contig_6504,.,0.967,5e-06
Cp_V2_contig_45133,Cp_V2_contig_3837,.,0.9667,5e-06
Cp_V2_contig_45133,Cp_V2_contig_14207,.,0.9662,5e-06
Cp_V2_contig_45133,Cp_V2_contig_18155,.,0.9645,7e-06
Cp_V2_contig_45133,Cp_V2_contig_46902,.,0.9645,7e-06
Cp_V2_contig_45133,Cp_V2_contig_23383,.,0.9641,7e-06
Cp_V2_contig_45133,Cp_V2_contig_13780,.,0.9638,7e-06
Cp_V2_contig_45133,Cp_V2_contig_30886,.,0.9632,8e-06
Cp_V2_contig_45133,Cp_V2_contig_11007,.,0.9621,9e-06
Cp_V2_contig_45133,Cp_V2_contig_37809,.,0.9606,1e-05
Cp_V2_contig_45133,Cp_V2_contig_26647,.,0.9605,1e-05
Cp_V2_contig_45133,Cp_V2_contig_45465,.,0.9603,1e-05
Cp_V2_contig_45133,Cp_V2_contig_11871,.,0.9601,1.1e-05
Cp_V2_contig_45133,Cp_V2_contig_35060,.,0.9596,1.1e-05
Cp_V2_contig_45133,Cp_V2_contig_19606,.,0.958,1.3e-05
Cp_V2_contig_45133,Cp_V2_contig_31461,.,0.9579,1.3e-05
Cp_V2_contig_45133,Cp_V2_contig_3434,.,0.9578,1.3e-05
Cp_V2_contig_45133,Cp_V2_contig_19357,.,0.9568,1.4e-05
Cp_V2_contig_45133,Cp_V2_contig_10120,.,0.9552,1.7e-05
Cp_V2_contig_45133,Cp_V2_contig_58,.,0.9529,2e-05
Cp_V2_contig_45133,Cp_V2_contig_37850,.,0.9509,2.4e-05
Cp_V2_contig_45133,Cp_V2_contig_15088,.,0.9498,2.6e-05
Cp_V2_contig_45133,Cp_V2_contig_25880,.,0.9481,3e-05
Cp_V2_contig_45133,Cp_V2_contig_11289,.,0.9466,3.3e-05
Cp_V2_contig_45133,Cp_V2_contig_39651,.,0.9457,3.6e-05
Cp_V2_contig_45133,Cp_V2_contig_8544,.,0.9455,3.6e-05
Cp_V2_contig_45133,Cp_V2_contig_18571,.,0.9445,3.9e-05
Cp_V2_contig_45133,Cp_V2_contig_24162,.,0.9439,4.1e-05
Cp_V2_contig_45133,Cp_V2_contig_1991,.,0.9435,4.2e-05
Cp_V2_contig_45133,Cp_V2_contig_43647,.,0.9424,4.5e-05
Cp_V2_contig_45133,Cp_V2_contig_2128,.,0.9418,4.7e-05
Cp_V2_contig_45133,Cp_V2_contig_19327,.,0.9416,4.8e-05
Cp_V2_contig_45133,Cp_V2_contig_17170,.,0.9411,4.9e-05
Cp_V2_contig_45133,Cp_V2_contig_38638,.,0.9392,5.6e-05
Cp_V2_contig_45133,Cp_V2_contig_13584,.,0.9387,5.7e-05
Cp_V2_contig_45133,Cp_V2_contig_24081,.,0.9386,5.8e-05
Cp_V2_contig_45133,Cp_V2_contig_4245,.,0.9386,5.8e-05
Cp_V2_contig_45133,Cp_V2_contig_29767,.,0.9347,7.3e-05
Cp_V2_contig_45133,Cp_V2_contig_14662,.,0.9337,7.8e-05
Cp_V2_contig_45133,Cp_V2_contig_17052,.,0.9327,8.3e-05
Cp_V2_contig_45133,Cp_V2_contig_10968,.,0.9321,8.6e-05
Cp_V2_contig_45133,Cp_V2_contig_9280,.,0.9314,8.9e-05
Cp_V2_contig_45133,Cp_V2_contig_1299,.,0.9297,9.8e-05
Cp_V2_contig_45133,Cp_V2_contig_5942,.,0.928,0.000108
Cp_V2_contig_45133,Cp_V2_contig_8331,.,0.9262,0.000119
Cp_V2_contig_45133,Cp_V2_contig_19599,.,0.926,0.00012
Cp_V2_contig_45133,Cp_V2_contig_8470,.,0.9247,0.000128
Cp_V2_contig_45133,Cp_V2_contig_77,.,0.9238,0.000134
Cp_V2_contig_45133,Cp_V2_contig_26669,.,0.9234,0.000137
Cp_V2_contig_45133,Cp_V2_contig_1005,.,0.9224,0.000144
Cp_V2_contig_45133,Cp_V2_contig_3733,.,0.9219,0.000148
Cp_V2_contig_45133,Cp_V2_contig_38445,.,0.9203,0.00016
Cp_V2_contig_45133,Cp_V2_contig_4463,.,0.9191,0.00017
Cp_V2_contig_45133,Cp_V2_contig_5104,.,0.9183,0.000176
Cp_V2_contig_45133,Cp_V2_contig_14382,.,0.9175,0.000183
Cp_V2_contig_45133,Cp_V2_contig_28999,.,0.917,0.000188
Cp_V2_contig_45133,Cp_V2_contig_3865,.,0.9158,0.000198
Cp_V2_contig_45133,Cp_V2_contig_12880,.,0.9156,0.0002
Cp_V2_contig_45133,Cp_V2_contig_27725,.,0.9143,0.000213
Cp_V2_contig_45133,Cp_V2_contig_13362,.,0.9142,0.000213
Cp_V2_contig_45133,Cp_V2_contig_24396,.,0.9123,0.000233
Cp_V2_contig_45133,Cp_V2_contig_25909,.,0.9117,0.000239
Cp_V2_contig_45133,Cp_V2_contig_11798,.,0.9115,0.000241
Cp_V2_contig_45133,Cp_V2_contig_21675,.,0.9095,0.000263
Cp_V2_contig_45133,Cp_V2_contig_1856,.,0.909,0.000269
Cp_V2_contig_45133,Cp_V2_contig_2779,.,0.9088,0.000271
Cp_V2_contig_45133,Cp_V2_contig_20359,.,0.9087,0.000272
Cp_V2_contig_45133,Cp_V2_contig_21708,.,0.9084,0.000275
Cp_V2_contig_45133,Cp_V2_contig_7308,.,0.9081,0.000279
Cp_V2_contig_45133,Cp_V2_contig_43112,.,0.9062,0.000303
Cp_V2_contig_45133,Cp_V2_contig_16525,.,0.9056,0.000309
Cp_V2_contig_45133,Cp_V2_contig_2554,.,0.9056,0.00031
Cp_V2_contig_45133,Cp_V2_contig_18083,.,0.9054,0.000312
Cp_V2_contig_45133,Cp_V2_contig_25011,.,0.9041,0.000329
Cp_V2_contig_45133,Cp_V2_contig_19326,.,0.9025,0.00035
Cp_V2_contig_45133,Cp_V2_contig_2326,.,0.901,0.000373
Cp_V2_contig_45133,Cp_V2_contig_45503,.,0.9006,0.000378
Cp_V2_contig_45133,Cp_V2_contig_2978,.,0.9001,0.000386
Cp_V2_contig_47679,Cp_V2_contig_29767,.,0.978,1e-06
Cp_V2_contig_47679,Cp_V2_contig_10892,.,0.9745,2e-06
Cp_V2_contig_47679,Cp_V2_contig_14382,.,0.9734,2e-06
Cp_V2_contig_47679,Cp_V2_contig_31777,.,0.9715,3e-06
Cp_V2_contig_47679,Cp_V2_contig_28730,.,0.9711,3e-06
Cp_V2_contig_47679,Cp_V2_contig_26525,.,0.9704,3e-06
Cp_V2_contig_47679,Cp_V2_contig_24081,.,0.966,6e-06
Cp_V2_contig_47679,Cp_V2_contig_27725,.,0.9652,6e-06
Cp_V2_contig_47679,Cp_V2_contig_13783,.,0.9646,7e-06
Cp_V2_contig_47679,Cp_V2_contig_45503,.,0.9607,1e-05
Cp_V2_contig_47679,Cp_V2_contig_4693,.,0.9596,1.1e-05
Cp_V2_contig_47679,Cp_V2_contig_17052,.,0.9536,1.9e-05
Cp_V2_contig_47679,Cp_V2_contig_37850,.,0.952,2.2e-05
Cp_V2_contig_47679,Cp_V2_contig_14662,.,0.9517,2.2e-05
Cp_V2_contig_47679,Cp_V2_contig_13515,.,0.9508,2.4e-05
Cp_V2_contig_47679,Cp_V2_contig_8579,.,0.9469,3.3e-05
Cp_V2_contig_47679,Cp_V2_contig_2705,.,0.9462,3.4e-05
Cp_V2_contig_47679,Cp_V2_contig_45899,.,0.9459,3.5e-05
Cp_V2_contig_47679,Cp_V2_contig_19349,.,0.9451,3.7e-05
Cp_V2_contig_47679,Cp_V2_contig_20242,.,0.9442,4e-05
Cp_V2_contig_47679,Cp_V2_contig_12804,.,0.9436,4.1e-05
Cp_V2_contig_47679,Cp_V2_contig_3733,.,0.9431,4.3e-05
Cp_V2_contig_47679,Cp_V2_contig_13584,.,0.9427,4.4e-05
Cp_V2_contig_47679,Cp_V2_contig_13780,.,0.9424,4.5e-05
Cp_V2_contig_47679,Cp_V2_contig_2128,.,0.9404,5.1e-05
Cp_V2_contig_47679,Cp_V2_contig_22202,.,0.9399,5.3e-05
Cp_V2_contig_47679,Cp_V2_contig_46183,.,0.9396,5.4e-05
Cp_V2_contig_47679,Cp_V2_contig_5104,.,0.9395,5.5e-05
Cp_V2_contig_47679,Cp_V2_contig_7475,.,0.9371,6.4e-05
Cp_V2_contig_47679,Cp_V2_contig_26026,.,0.9362,6.7e-05
Cp_V2_contig_47679,Cp_V2_contig_46398,.,0.9354,7e-05
Cp_V2_contig_47679,Cp_V2_contig_30668,.,0.9352,7.1e-05
Cp_V2_contig_47679,Cp_V2_contig_21708,.,0.9351,7.2e-05
Cp_V2_contig_47679,Cp_V2_contig_33310,.,0.9341,7.6e-05
Cp_V2_contig_47679,Cp_V2_contig_15769,.,0.9334,7.9e-05
Cp_V2_contig_47679,Cp_V2_contig_17170,.,0.9321,8.6e-05
Cp_V2_contig_47679,Cp_V2_contig_3544,.,0.9311,9.1e-05
Cp_V2_contig_47679,Cp_V2_contig_25880,.,0.9309,9.2e-05
Cp_V2_contig_47679,Cp_V2_contig_23992,.,0.9298,9.7e-05
Cp_V2_contig_47679,Cp_V2_contig_36163,.,0.9286,0.000104
Cp_V2_contig_47679,Cp_V2_contig_11289,.,0.928,0.000108
Cp_V2_contig_47679,Cp_V2_contig_9550,.,0.9278,0.000109
Cp_V2_contig_47679,Cp_V2_contig_24162,.,0.9254,0.000124
Cp_V2_contig_47679,Cp_V2_contig_7739,.,0.9249,0.000127
Cp_V2_contig_47679,Cp_V2_contig_37429,.,0.924,0.000133
Cp_V2_contig_47679,Cp_V2_contig_38638,.,0.9238,0.000135
Cp_V2_contig_47679,Cp_V2_contig_19606,.,0.9235,0.000137
Cp_V2_contig_47679,Cp_V2_contig_34533,.,0.9213,0.000152
Cp_V2_contig_47679,Cp_V2_contig_16525,.,0.9209,0.000156
Cp_V2_contig_47679,Cp_V2_contig_7547,.,0.9205,0.000159
Cp_V2_contig_47679,Cp_V2_contig_18155,.,0.9199,0.000163
Cp_V2_contig_47679,Cp_V2_contig_58,.,0.9196,0.000166
Cp_V2_contig_47679,Cp_V2_contig_13121,.,0.9182,0.000178
Cp_V2_contig_47679,Cp_V2_contig_30041,.,0.9181,0.000178
Cp_V2_contig_47679,Cp_V2_contig_46907,.,0.9176,0.000183
Cp_V2_contig_47679,Cp_V2_contig_12781,.,0.9175,0.000183
Cp_V2_contig_47679,Cp_V2_contig_1856,.,0.9171,0.000187
Cp_V2_contig_47679,Cp_V2_contig_24396,.,0.9157,0.000199
Cp_V2_contig_47679,Cp_V2_contig_32420,.,0.9136,0.00022
Cp_V2_contig_47679,Cp_V2_contig_29501,.,0.9115,0.000241
Cp_V2_contig_47679,Cp_V2_contig_8615,.,0.9114,0.000242
Cp_V2_contig_47679,Cp_V2_contig_8635,.,0.9108,0.000249
Cp_V2_contig_47679,Cp_V2_contig_25283,.,0.9085,0.000274
Cp_V2_contig_47679,Cp_V2_contig_10120,.,0.9079,0.000281
Cp_V2_contig_47679,Cp_V2_contig_8331,.,0.9079,0.000281
Cp_V2_contig_47679,Cp_V2_contig_34674,.,0.9078,0.000283
Cp_V2_contig_47679,Cp_V2_contig_3865,.,0.9076,0.000285
Cp_V2_contig_47679,Cp_V2_contig_3837,.,0.9074,0.000288
Cp_V2_contig_47679,Cp_V2_contig_2326,.,0.9059,0.000306
Cp_V2_contig_47679,Cp_V2_contig_6165,.,0.9057,0.000308
Cp_V2_contig_47679,Cp_V2_contig_1097,.,0.9049,0.000318
Cp_V2_contig_47679,Cp_V2_contig_4915,.,0.9047,0.000321
Cp_V2_contig_47679,Cp_V2_contig_1533,.,0.9044,0.000325
Cp_V2_contig_47679,Cp_V2_contig_5634,.,0.9033,0.000339
Cp_V2_contig_47679,Cp_V2_contig_10048,.,0.9029,0.000346
Cp_V2_contig_47679,Cp_V2_contig_21661,.,0.9019,0.00036
Cp_V2_contig_47679,Cp_V2_contig_5393,.,0.9019,0.000359
Cp_V2_contig_47679,Cp_V2_contig_11007,.,0.9018,0.000361
Cp_V2_contig_47679,Cp_V2_contig_16079,.,0.9008,0.000375
Cp_V2_contig_47679,Cp_V2_contig_18010,.,0.9004,0.000382
Cp_V2_contig_47679,Cp_V2_contig_40374,.,0.9004,0.000381
Cp_V2_contig_4950,Cp_V2_contig_10455,.,0.9906,0.0
Cp_V2_contig_4950,Cp_V2_contig_13800,.,0.9828,0.0
Cp_V2_contig_4950,Cp_V2_contig_6438,.,0.9792,1e-06
Cp_V2_contig_4950,Cp_V2_contig_17427,.,0.975,2e-06
Cp_V2_contig_4950,Cp_V2_contig_1013,.,0.9743,2e-06
Cp_V2_contig_4950,Cp_V2_contig_1,.,0.9699,3e-06
Cp_V2_contig_4950,Cp_V2_contig_5559,.,0.969,4e-06
Cp_V2_contig_4950,Cp_V2_contig_9714,.,0.9622,9e-06
Cp_V2_contig_4950,Cp_V2_contig_3575,.,0.9589,1.2e-05
Cp_V2_contig_4950,Cp_V2_contig_735,.,0.9587,1.2e-05
Cp_V2_contig_4950,Cp_V2_contig_1105,.,0.9582,1.3e-05
Cp_V2_contig_4950,Cp_V2_contig_6333,.,0.9559,1.6e-05
Cp_V2_contig_4950,Cp_V2_contig_13121,.,0.9548,1.7e-05
Cp_V2_contig_4950,Cp_V2_contig_18237,.,0.9521,2.2e-05
Cp_V2_contig_4950,Cp_V2_contig_20690,.,0.9506,2.5e-05
Cp_V2_contig_4950,Cp_V2_contig_10000,.,0.9505,2.5e-05
Cp_V2_contig_4950,Cp_V2_contig_25937,.,0.9495,2.7e-05
Cp_V2_contig_4950,Cp_V2_contig_23819,.,0.9464,3.4e-05
Cp_V2_contig_4950,Cp_V2_contig_44182,.,0.944,4e-05
Cp_V2_contig_4950,Cp_V2_contig_7695,.,0.9424,4.5e-05
Cp_V2_contig_4950,Cp_V2_contig_28879,.,0.9421,4.6e-05
Cp_V2_contig_4950,Cp_V2_contig_1545,.,0.9417,4.7e-05
Cp_V2_contig_4950,Cp_V2_contig_6815,.,0.941,4.9e-05
Cp_V2_contig_4950,Cp_V2_contig_14994,.,0.9408,5e-05
Cp_V2_contig_4950,Cp_V2_contig_4505,.,0.9404,5.1e-05
Cp_V2_contig_4950,Cp_V2_contig_17406,.,0.9403,5.2e-05
Cp_V2_contig_4950,Cp_V2_contig_13560,.,0.9402,5.2e-05
Cp_V2_contig_4950,Cp_V2_contig_20231,.,0.9378,6.1e-05
Cp_V2_contig_4950,Cp_V2_contig_44940,.,0.9377,6.1e-05
Cp_V2_contig_4950,Cp_V2_contig_13481,.,0.9372,6.3e-05
Cp_V2_contig_4950,Cp_V2_contig_10805,.,0.937,6.4e-05
Cp_V2_contig_4950,Cp_V2_contig_21613,.,0.9366,6.5e-05
Cp_V2_contig_4950,Cp_V2_contig_11243,.,0.9359,6.8e-05
Cp_V2_contig_4950,Cp_V2_contig_19588,.,0.9359,6.8e-05
Cp_V2_contig_4950,Cp_V2_contig_24832,.,0.9358,6.9e-05
Cp_V2_contig_4950,Cp_V2_contig_46148,.,0.9355,7e-05
Cp_V2_contig_4950,Cp_V2_contig_1982,.,0.9353,7.1e-05
Cp_V2_contig_4950,Cp_V2_contig_40374,.,0.9352,7.1e-05
Cp_V2_contig_4950,Cp_V2_contig_22400,.,0.9351,7.2e-05
Cp_V2_contig_4950,Cp_V2_contig_12055,.,0.935,7.2e-05
Cp_V2_contig_4950,Cp_V2_contig_8565,.,0.935,7.2e-05
Cp_V2_contig_4950,Cp_V2_contig_3210,.,0.933,8.1e-05
Cp_V2_contig_4950,Cp_V2_contig_11464,.,0.9309,9.2e-05
Cp_V2_contig_4950,Cp_V2_contig_2137,.,0.9307,9.3e-05
Cp_V2_contig_4950,Cp_V2_contig_2918,.,0.9305,9.4e-05
Cp_V2_contig_4950,Cp_V2_contig_20939,.,0.9304,9.4e-05
Cp_V2_contig_4950,Cp_V2_contig_22977,.,0.9302,9.6e-05
Cp_V2_contig_4950,Cp_V2_contig_26531,.,0.9297,9.8e-05
Cp_V2_contig_4950,Cp_V2_contig_13148,.,0.9296,9.9e-05
Cp_V2_contig_4950,Cp_V2_contig_47834,.,0.9282,0.000107
Cp_V2_contig_4950,Cp_V2_contig_18250,.,0.9259,0.000121
Cp_V2_contig_4950,Cp_V2_contig_5488,.,0.9254,0.000124
Cp_V2_contig_4950,Cp_V2_contig_1312,.,0.9251,0.000126
Cp_V2_contig_4950,Cp_V2_contig_12398,.,0.9246,0.000129
Cp_V2_contig_4950,Cp_V2_contig_7848,.,0.9246,0.000129
Cp_V2_contig_4950,Cp_V2_contig_1461,.,0.9245,0.000129
Cp_V2_contig_4950,Cp_V2_contig_13938,.,0.924,0.000133
Cp_V2_contig_4950,Cp_V2_contig_14368,.,0.923,0.00014
Cp_V2_contig_4950,Cp_V2_contig_40304,.,0.9216,0.00015
Cp_V2_contig_4950,Cp_V2_contig_32562,.,0.9191,0.00017
Cp_V2_contig_4950,Cp_V2_contig_26352,.,0.9182,0.000177
Cp_V2_contig_4950,Cp_V2_contig_9545,.,0.9182,0.000177
Cp_V2_contig_4950,Cp_V2_contig_11204,.,0.9181,0.000178
Cp_V2_contig_4950,Cp_V2_contig_377,.,0.9178,0.00018
Cp_V2_contig_4950,Cp_V2_contig_12781,.,0.9176,0.000182
Cp_V2_contig_4950,Cp_V2_contig_6241,.,0.9174,0.000184
Cp_V2_contig_4950,Cp_V2_contig_47327,.,0.9173,0.000185
Cp_V2_contig_4950,Cp_V2_contig_339,.,0.9172,0.000186
Cp_V2_contig_4950,Cp_V2_contig_18945,.,0.9171,0.000187
Cp_V2_contig_4950,Cp_V2_contig_672,.,0.9171,0.000186
Cp_V2_contig_4950,Cp_V2_contig_2079,.,0.917,0.000188
Cp_V2_contig_4950,Cp_V2_contig_27498,.,0.9168,0.00019
Cp_V2_contig_4950,Cp_V2_contig_16108,.,0.9167,0.00019
Cp_V2_contig_4950,Cp_V2_contig_36163,.,0.9165,0.000192
Cp_V2_contig_4950,Cp_V2_contig_2948,.,0.916,0.000197
Cp_V2_contig_4950,Cp_V2_contig_37429,.,0.9159,0.000197
Cp_V2_contig_4950,Cp_V2_contig_46907,.,0.9159,0.000198
Cp_V2_contig_4950,Cp_V2_contig_6397,.,0.9154,0.000202
Cp_V2_contig_4950,Cp_V2_contig_44233,.,0.9144,0.000212
Cp_V2_contig_4950,Cp_V2_contig_8206,.,0.9138,0.000217
Cp_V2_contig_4950,Cp_V2_contig_16567,.,0.9129,0.000227
Cp_V2_contig_4950,Cp_V2_contig_7547,.,0.9128,0.000228
Cp_V2_contig_4950,Cp_V2_contig_6459,.,0.9126,0.000229
Cp_V2_contig_4950,Cp_V2_contig_5702,.,0.9125,0.000231
Cp_V2_contig_4950,Cp_V2_contig_5393,.,0.912,0.000236
Cp_V2_contig_4950,Cp_V2_contig_35454,.,0.9118,0.000237
Cp_V2_contig_4950,Cp_V2_contig_3544,.,0.9113,0.000243
Cp_V2_contig_4950,Cp_V2_contig_6533,.,0.9104,0.000252
Cp_V2_contig_4950,Cp_V2_contig_10790,.,0.9103,0.000254
Cp_V2_contig_4950,Cp_V2_contig_23462,.,0.9078,0.000283
Cp_V2_contig_4950,Cp_V2_contig_26026,.,0.9078,0.000283
Cp_V2_contig_4950,Cp_V2_contig_29178,.,0.9075,0.000286
Cp_V2_contig_4950,Cp_V2_contig_1380,.,0.9066,0.000297
Cp_V2_contig_4950,Cp_V2_contig_23261,.,0.9064,0.0003
Cp_V2_contig_4950,Cp_V2_contig_8765,.,0.9063,0.000301
Cp_V2_contig_4950,Cp_V2_contig_17304,.,0.9062,0.000302
Cp_V2_contig_4950,Cp_V2_contig_1243,.,0.9061,0.000303
Cp_V2_contig_4950,Cp_V2_contig_20784,.,0.9057,0.000309
Cp_V2_contig_4950,Cp_V2_contig_14142,.,0.9055,0.000311
Cp_V2_contig_4950,Cp_V2_contig_13805,.,0.9049,0.000319
Cp_V2_contig_4950,Cp_V2_contig_7514,.,0.9045,0.000324
Cp_V2_contig_4950,Cp_V2_contig_1000,.,0.9044,0.000325
Cp_V2_contig_4950,Cp_V2_contig_43581,.,0.9042,0.000328
Cp_V2_contig_4950,Cp_V2_contig_16079,.,0.9036,0.000336
Cp_V2_contig_4950,Cp_V2_contig_1681,.,0.9035,0.000337
Cp_V2_contig_4950,Cp_V2_contig_8612,.,0.9035,0.000337
Cp_V2_contig_4950,Cp_V2_contig_2291,.,0.903,0.000344
Cp_V2_contig_4950,Cp_V2_contig_21764,.,0.9028,0.000347
Cp_V2_contig_4950,Cp_V2_contig_12798,.,0.9021,0.000356
Cp_V2_contig_4950,Cp_V2_contig_34533,.,0.902,0.000358
Cp_V2_contig_4950,Cp_V2_contig_4031,.,0.9019,0.000359
Cp_V2_contig_4950,Cp_V2_contig_22199,.,0.9017,0.000362
Cp_V2_contig_4950,Cp_V2_contig_5205,.,0.9014,0.000367
Cp_V2_contig_4950,Cp_V2_contig_3614,.,0.9012,0.000369
Cp_V2_contig_4950,Cp_V2_contig_4663,.,0.9011,0.000371
Cp_V2_contig_4950,Cp_V2_contig_9777,.,0.9005,0.00038
Cp_V2_contig_4950,Cp_V2_contig_16337,.,0.9003,0.000383
Cp_V2_contig_551,Cp_V2_contig_23992,.,0.9838,0.0
Cp_V2_contig_551,Cp_V2_contig_37850,.,0.9804,1e-06
Cp_V2_contig_551,Cp_V2_contig_45899,.,0.9803,1e-06
Cp_V2_contig_551,Cp_V2_contig_24081,.,0.9797,1e-06
Cp_V2_contig_551,Cp_V2_contig_29767,.,0.978,1e-06
Cp_V2_contig_551,Cp_V2_contig_13584,.,0.9777,1e-06
Cp_V2_contig_551,Cp_V2_contig_13780,.,0.9768,1e-06
Cp_V2_contig_551,Cp_V2_contig_58,.,0.9761,1e-06
Cp_V2_contig_551,Cp_V2_contig_33310,.,0.976,1e-06
Cp_V2_contig_551,Cp_V2_contig_25880,.,0.9758,1e-06
Cp_V2_contig_551,Cp_V2_contig_6376,.,0.9737,2e-06
Cp_V2_contig_551,Cp_V2_contig_3083,.,0.9728,2e-06
Cp_V2_contig_551,Cp_V2_contig_1533,.,0.9727,2e-06
Cp_V2_contig_551,Cp_V2_contig_2128,.,0.9725,2e-06
Cp_V2_contig_551,Cp_V2_contig_10726,.,0.9698,4e-06
Cp_V2_contig_551,Cp_V2_contig_25283,.,0.9695,4e-06
Cp_V2_contig_551,Cp_V2_contig_32420,.,0.9684,4e-06
Cp_V2_contig_551,Cp_V2_contig_17052,.,0.9661,6e-06
Cp_V2_contig_551,Cp_V2_contig_14382,.,0.9658,6e-06
Cp_V2_contig_551,Cp_V2_contig_14662,.,0.9643,7e-06
Cp_V2_contig_551,Cp_V2_contig_5104,.,0.9638,7e-06
Cp_V2_contig_551,Cp_V2_contig_45503,.,0.9637,7e-06
Cp_V2_contig_551,Cp_V2_contig_24162,.,0.9626,8e-06
Cp_V2_contig_551,Cp_V2_contig_11289,.,0.9619,9e-06
Cp_V2_contig_551,Cp_V2_contig_12810,.,0.9614,9e-06
Cp_V2_contig_551,Cp_V2_contig_3837,.,0.9605,1e-05
Cp_V2_contig_551,Cp_V2_contig_21708,.,0.9594,1.1e-05
Cp_V2_contig_551,Cp_V2_contig_11007,.,0.9587,1.2e-05
Cp_V2_contig_551,Cp_V2_contig_10048,.,0.9578,1.3e-05
Cp_V2_contig_551,Cp_V2_contig_18155,.,0.9566,1.5e-05
Cp_V2_contig_551,Cp_V2_contig_16525,.,0.9565,1.5e-05
Cp_V2_contig_551,Cp_V2_contig_26525,.,0.9548,1.7e-05
Cp_V2_contig_551,Cp_V2_contig_27725,.,0.9537,1.9e-05
Cp_V2_contig_551,Cp_V2_contig_5597,.,0.9535,1.9e-05
Cp_V2_contig_551,Cp_V2_contig_10120,.,0.9532,2e-05
Cp_V2_contig_551,Cp_V2_contig_46902,.,0.9523,2.1e-05
Cp_V2_contig_551,Cp_V2_contig_9550,.,0.9499,2.6e-05
Cp_V2_contig_551,Cp_V2_contig_32418,.,0.9497,2.6e-05
Cp_V2_contig_551,Cp_V2_contig_19606,.,0.9495,2.7e-05
Cp_V2_contig_551,Cp_V2_contig_1856,.,0.9477,3.1e-05
Cp_V2_contig_551,Cp_V2_contig_11798,.,0.9466,3.3e-05
Cp_V2_contig_551,Cp_V2_contig_38011,.,0.9465,3.4e-05
Cp_V2_contig_551,Cp_V2_contig_38638,.,0.9453,3.7e-05
Cp_V2_contig_551,Cp_V2_contig_17170,.,0.9439,4e-05
Cp_V2_contig_551,Cp_V2_contig_13783,.,0.9426,4.4e-05
Cp_V2_contig_551,Cp_V2_contig_46183,.,0.9421,4.6e-05
Cp_V2_contig_551,Cp_V2_contig_2779,.,0.9418,4.7e-05
Cp_V2_contig_551,Cp_V2_contig_21685,.,0.9414,4.8e-05
Cp_V2_contig_551,Cp_V2_contig_11871,.,0.9408,5e-05
Cp_V2_contig_551,Cp_V2_contig_10968,.,0.9396,5.4e-05
Cp_V2_contig_551,Cp_V2_contig_3733,.,0.9379,6e-05
Cp_V2_contig_551,Cp_V2_contig_3865,.,0.9355,7e-05
Cp_V2_contig_551,Cp_V2_contig_2705,.,0.9354,7.1e-05
Cp_V2_contig_551,Cp_V2_contig_2326,.,0.9349,7.2e-05
Cp_V2_contig_551,Cp_V2_contig_37548,.,0.9348,7.3e-05
Cp_V2_contig_551,Cp_V2_contig_10892,.,0.9326,8.3e-05
Cp_V2_contig_551,Cp_V2_contig_12179,.,0.9325,8.4e-05
Cp_V2_contig_551,Cp_V2_contig_7475,.,0.9323,8.5e-05
Cp_V2_contig_551,Cp_V2_contig_9538,.,0.9314,8.9e-05
Cp_V2_contig_551,Cp_V2_contig_11082,.,0.93,9.7e-05
Cp_V2_contig_551,Cp_V2_contig_26647,.,0.9271,0.000113
Cp_V2_contig_551,Cp_V2_contig_8331,.,0.9246,0.000129
Cp_V2_contig_551,Cp_V2_contig_31777,.,0.9228,0.000141
Cp_V2_contig_551,Cp_V2_contig_24960,.,0.9223,0.000145
Cp_V2_contig_551,Cp_V2_contig_13515,.,0.9206,0.000158
Cp_V2_contig_551,Cp_V2_contig_30041,.,0.9203,0.00016
Cp_V2_contig_551,Cp_V2_contig_15088,.,0.9191,0.00017
Cp_V2_contig_551,Cp_V2_contig_38417,.,0.9184,0.000176
Cp_V2_contig_551,Cp_V2_contig_14207,.,0.918,0.000179
Cp_V2_contig_551,Cp_V2_contig_45465,.,0.916,0.000197
Cp_V2_contig_551,Cp_V2_contig_2303,.,0.9137,0.000219
Cp_V2_contig_551,Cp_V2_contig_24396,.,0.9133,0.000222
Cp_V2_contig_551,Cp_V2_contig_8615,.,0.913,0.000226
Cp_V2_contig_551,Cp_V2_contig_28730,.,0.9112,0.000244
Cp_V2_contig_551,Cp_V2_contig_34533,.,0.9098,0.000259
Cp_V2_contig_551,Cp_V2_contig_6504,.,0.9094,0.000264
Cp_V2_contig_551,Cp_V2_contig_35060,.,0.9077,0.000283
Cp_V2_contig_551,Cp_V2_contig_20242,.,0.9069,0.000294
Cp_V2_contig_551,Cp_V2_contig_23383,.,0.9065,0.000298
Cp_V2_contig_551,Cp_V2_contig_26026,.,0.9059,0.000306
Cp_V2_contig_551,Cp_V2_contig_22202,.,0.9042,0.000328
Cp_V2_contig_551,Cp_V2_contig_1097,.,0.9031,0.000343
Cp_V2_contig_551,Cp_V2_contig_18571,.,0.903,0.000344
Cp_V2_contig_551,Cp_V2_contig_37809,.,0.9011,0.00037
Cp_V2_contig_551,Cp_V2_contig_7739,.,0.9003,0.000382
Cp_V2_contig_551,Cp_V2_contig_19357,.,0.9001,0.000385
Cp_V2_contig_6094,Cp_V2_contig_4331,.,0.9635,7e-06
Cp_V2_contig_6094,Cp_V2_contig_15027,.,0.945,3.7e-05
Cp_V2_contig_6094,Cp_V2_contig_900,.,0.9322,8.5e-05
Cp_V2_contig_6094,Cp_V2_contig_1607,.,0.9264,0.000117
Cp_V2_contig_6094,Cp_V2_contig_5216,.,0.9258,0.000121
Cp_V2_contig_6094,Cp_V2_contig_37659,.,0.9248,0.000128
Cp_V2_contig_6094,Cp_V2_contig_31695,.,0.914,0.000215
Cp_V2_contig_6094,Cp_V2_contig_694,.,0.9054,0.000313
Cp_V2_contig_6094,Cp_V2_contig_10695,.,0.9053,0.000314
Cp_V2_contig_670,Cp_V2_contig_24081,.,0.9908,0.0
Cp_V2_contig_670,Cp_V2_contig_13780,.,0.9902,0.0
Cp_V2_contig_670,Cp_V2_contig_24162,.,0.9828,0.0
Cp_V2_contig_670,Cp_V2_contig_23992,.,0.9817,0.0
Cp_V2_contig_670,Cp_V2_contig_1533,.,0.9807,1e-06
Cp_V2_contig_670,Cp_V2_contig_58,.,0.9803,1e-06
Cp_V2_contig_670,Cp_V2_contig_29767,.,0.9777,1e-06
Cp_V2_contig_670,Cp_V2_contig_17052,.,0.9774,1e-06
Cp_V2_contig_670,Cp_V2_contig_16525,.,0.9759,1e-06
Cp_V2_contig_670,Cp_V2_contig_45503,.,0.9741,2e-06
Cp_V2_contig_670,Cp_V2_contig_1856,.,0.9723,2e-06
Cp_V2_contig_670,Cp_V2_contig_11289,.,0.9721,3e-06
Cp_V2_contig_670,Cp_V2_contig_14382,.,0.9716,3e-06
Cp_V2_contig_670,Cp_V2_contig_33310,.,0.9715,3e-06
Cp_V2_contig_670,Cp_V2_contig_9550,.,0.9713,3e-06
Cp_V2_contig_670,Cp_V2_contig_13584,.,0.9703,3e-06
Cp_V2_contig_670,Cp_V2_contig_37850,.,0.9689,4e-06
Cp_V2_contig_670,Cp_V2_contig_27725,.,0.9662,6e-06
Cp_V2_contig_670,Cp_V2_contig_3083,.,0.9646,7e-06
Cp_V2_contig_670,Cp_V2_contig_46183,.,0.9642,7e-06
Cp_V2_contig_670,Cp_V2_contig_3865,.,0.9616,9e-06
Cp_V2_contig_670,Cp_V2_contig_45899,.,0.9606,1e-05
Cp_V2_contig_670,Cp_V2_contig_12810,.,0.9592,1.2e-05
Cp_V2_contig_670,Cp_V2_contig_18155,.,0.9567,1.5e-05
Cp_V2_contig_670,Cp_V2_contig_6376,.,0.9555,1.6e-05
Cp_V2_contig_670,Cp_V2_contig_14662,.,0.9547,1.7e-05
Cp_V2_contig_670,Cp_V2_contig_2128,.,0.9532,2e-05
Cp_V2_contig_670,Cp_V2_contig_25283,.,0.9501,2.6e-05
Cp_V2_contig_670,Cp_V2_contig_11871,.,0.95,2.6e-05
Cp_V2_contig_670,Cp_V2_contig_10726,.,0.9492,2.7e-05
Cp_V2_contig_670,Cp_V2_contig_2779,.,0.9489,2.8e-05
Cp_V2_contig_670,Cp_V2_contig_5104,.,0.9482,3e-05
Cp_V2_contig_670,Cp_V2_contig_25880,.,0.9479,3e-05
Cp_V2_contig_670,Cp_V2_contig_2705,.,0.9469,3.3e-05
Cp_V2_contig_670,Cp_V2_contig_13515,.,0.9465,3.4e-05
Cp_V2_contig_670,Cp_V2_contig_2326,.,0.9464,3.4e-05
Cp_V2_contig_670,Cp_V2_contig_26525,.,0.9453,3.7e-05
Cp_V2_contig_670,Cp_V2_contig_2303,.,0.9448,3.8e-05
Cp_V2_contig_670,Cp_V2_contig_32420,.,0.944,4e-05
Cp_V2_contig_670,Cp_V2_contig_17170,.,0.9437,4.1e-05
Cp_V2_contig_670,Cp_V2_contig_10048,.,0.9426,4.4e-05
Cp_V2_contig_670,Cp_V2_contig_13783,.,0.9413,4.8e-05
Cp_V2_contig_670,Cp_V2_contig_7475,.,0.9394,5.5e-05
Cp_V2_contig_670,Cp_V2_contig_3837,.,0.9381,6e-05
Cp_V2_contig_670,Cp_V2_contig_30041,.,0.9374,6.2e-05
Cp_V2_contig_670,Cp_V2_contig_34533,.,0.9365,6.6e-05
Cp_V2_contig_670,Cp_V2_contig_11007,.,0.9362,6.7e-05
Cp_V2_contig_670,Cp_V2_contig_13429,.,0.931,9.1e-05
Cp_V2_contig_670,Cp_V2_contig_21708,.,0.931,9.1e-05
Cp_V2_contig_670,Cp_V2_contig_46902,.,0.9291,0.000101
Cp_V2_contig_670,Cp_V2_contig_10892,.,0.929,0.000102
Cp_V2_contig_670,Cp_V2_contig_7739,.,0.929,0.000102
Cp_V2_contig_670,Cp_V2_contig_31777,.,0.9278,0.000109
Cp_V2_contig_670,Cp_V2_contig_10968,.,0.9276,0.00011
Cp_V2_contig_670,Cp_V2_contig_15088,.,0.9273,0.000112
Cp_V2_contig_670,Cp_V2_contig_26026,.,0.9255,0.000123
Cp_V2_contig_670,Cp_V2_contig_1097,.,0.9251,0.000126
Cp_V2_contig_670,Cp_V2_contig_5597,.,0.9242,0.000132
Cp_V2_contig_670,Cp_V2_contig_123,.,0.9231,0.000139
Cp_V2_contig_670,Cp_V2_contig_32418,.,0.9228,0.000141
Cp_V2_contig_670,Cp_V2_contig_19606,.,0.9222,0.000146
Cp_V2_contig_670,Cp_V2_contig_11798,.,0.922,0.000147
Cp_V2_contig_670,Cp_V2_contig_37429,.,0.921,0.000154
Cp_V2_contig_670,Cp_V2_contig_21685,.,0.9208,0.000156
Cp_V2_contig_670,Cp_V2_contig_37548,.,0.9208,0.000156
Cp_V2_contig_670,Cp_V2_contig_8615,.,0.9196,0.000166
Cp_V2_contig_670,Cp_V2_contig_20242,.,0.9194,0.000168
Cp_V2_contig_670,Cp_V2_contig_46907,.,0.9191,0.000169
Cp_V2_contig_670,Cp_V2_contig_36163,.,0.9182,0.000177
Cp_V2_contig_670,Cp_V2_contig_17963,.,0.9179,0.00018
Cp_V2_contig_670,Cp_V2_contig_28730,.,0.9159,0.000197
Cp_V2_contig_670,Cp_V2_contig_10120,.,0.9138,0.000218
Cp_V2_contig_670,Cp_V2_contig_9158,.,0.913,0.000226
Cp_V2_contig_670,Cp_V2_contig_3733,.,0.9099,0.000259
Cp_V2_contig_670,Cp_V2_contig_38011,.,0.9099,0.000258
Cp_V2_contig_670,Cp_V2_contig_38638,.,0.9081,0.000278
Cp_V2_contig_670,Cp_V2_contig_11082,.,0.9068,0.000295
Cp_V2_contig_670,Cp_V2_contig_24960,.,0.9049,0.000319
Cp_V2_contig_670,Cp_V2_contig_46398,.,0.9044,0.000325
Cp_V2_contig_670,Cp_V2_contig_10805,.,0.904,0.000331
Cp_V2_contig_670,Cp_V2_contig_4693,.,0.903,0.000345
Cp_V2_contig_670,Cp_V2_contig_40304,.,0.9028,0.000347
Cp_V2_contig_670,Cp_V2_contig_1900,.,0.9026,0.000349
Cp_V2_contig_670,Cp_V2_contig_24396,.,0.9023,0.000354
Cp_V2_contig_670,Cp_V2_contig_16079,.,0.9016,0.000363
Cp_V2_contig_670,Cp_V2_contig_29501,.,0.9001,0.000385
Cp_V2_contig_692,Cp_V2_contig_694,.,0.9903,0.0
Cp_V2_contig_692,Cp_V2_contig_31695,.,0.9744,2e-06
Cp_V2_contig_692,Cp_V2_contig_17692,.,0.9478,3e-05
Cp_V2_contig_692,Cp_V2_contig_1607,.,0.9414,4.8e-05
Cp_V2_contig_692,Cp_V2_contig_2580,.,0.9321,8.6e-05
Cp_V2_contig_692,Cp_V2_contig_29178,.,0.9315,8.9e-05
Cp_V2_contig_692,Cp_V2_contig_13481,.,0.9268,0.000115
Cp_V2_contig_692,Cp_V2_contig_5773,.,0.9208,0.000156
Cp_V2_contig_692,Cp_V2_contig_10695,.,0.9193,0.000168
Cp_V2_contig_692,Cp_V2_contig_792,.,0.9173,0.000185
Cp_V2_contig_692,Cp_V2_contig_1042,.,0.9122,0.000233
Cp_V2_contig_692,Cp_V2_contig_22369,.,0.9077,0.000284
Cp_V2_contig_692,Cp_V2_contig_6459,.,0.9031,0.000343
Cp_V2_contig_692,Cp_V2_contig_37659,.,0.9025,0.00035
Cp_V2_contig_8442,Cp_V2_contig_15710,.,0.9769,1e-06
Cp_V2_contig_8442,Cp_V2_contig_6968,.,0.967,5e-06
Cp_V2_contig_8442,Cp_V2_contig_20690,.,0.9632,8e-06
Cp_V2_contig_8442,Cp_V2_contig_10274,.,0.9587,1.2e-05
Cp_V2_contig_8442,Cp_V2_contig_23819,.,0.95,2.6e-05
Cp_V2_contig_8442,Cp_V2_contig_18033,.,0.9451,3.7e-05
Cp_V2_contig_8442,Cp_V2_contig_1681,.,0.9424,4.5e-05
Cp_V2_contig_8442,Cp_V2_contig_12969,.,0.9414,4.8e-05
Cp_V2_contig_8442,Cp_V2_contig_5559,.,0.939,5.6e-05
Cp_V2_contig_8442,Cp_V2_contig_5205,.,0.9385,5.8e-05
Cp_V2_contig_8442,Cp_V2_contig_29178,.,0.9377,6.1e-05
Cp_V2_contig_8442,Cp_V2_contig_3659,.,0.9376,6.1e-05
Cp_V2_contig_8442,Cp_V2_contig_9242,.,0.9375,6.2e-05
Cp_V2_contig_8442,Cp_V2_contig_672,.,0.9365,6.6e-05
Cp_V2_contig_8442,Cp_V2_contig_8089,.,0.9359,6.9e-05
Cp_V2_contig_8442,Cp_V2_contig_11635,.,0.9348,7.3e-05
Cp_V2_contig_8442,Cp_V2_contig_735,.,0.9325,8.4e-05
Cp_V2_contig_8442,Cp_V2_contig_4374,.,0.9323,8.5e-05
Cp_V2_contig_8442,Cp_V2_contig_20920,.,0.9315,8.8e-05
Cp_V2_contig_8442,Cp_V2_contig_13560,.,0.9307,9.2e-05
Cp_V2_contig_8442,Cp_V2_contig_5497,.,0.9301,9.6e-05
Cp_V2_contig_8442,Cp_V2_contig_22966,.,0.9287,0.000104
Cp_V2_contig_8442,Cp_V2_contig_19588,.,0.9259,0.00012
Cp_V2_contig_8442,Cp_V2_contig_1243,.,0.925,0.000126
Cp_V2_contig_8442,Cp_V2_contig_13026,.,0.9242,0.000132
Cp_V2_contig_8442,Cp_V2_contig_6438,.,0.9223,0.000145
Cp_V2_contig_8442,Cp_V2_contig_7988,.,0.9222,0.000145
Cp_V2_contig_8442,Cp_V2_contig_11213,.,0.922,0.000147
Cp_V2_contig_8442,Cp_V2_contig_23462,.,0.922,0.000147
Cp_V2_contig_8442,Cp_V2_contig_11547,.,0.9212,0.000153
Cp_V2_contig_8442,Cp_V2_contig_15465,.,0.9205,0.000159
Cp_V2_contig_8442,Cp_V2_contig_12754,.,0.9202,0.000161
Cp_V2_contig_8442,Cp_V2_contig_13382,.,0.92,0.000163
Cp_V2_contig_8442,Cp_V2_contig_16567,.,0.9193,0.000168
Cp_V2_contig_8442,Cp_V2_contig_15547,.,0.9148,0.000208
Cp_V2_contig_8442,Cp_V2_contig_26404,.,0.9147,0.000208
Cp_V2_contig_8442,Cp_V2_contig_9364,.,0.914,0.000215
Cp_V2_contig_8442,Cp_V2_contig_1086,.,0.9132,0.000223
Cp_V2_contig_8442,Cp_V2_contig_9920,.,0.9128,0.000228
Cp_V2_contig_8442,Cp_V2_contig_10455,.,0.9124,0.000231
Cp_V2_contig_8442,Cp_V2_contig_37411,.,0.9119,0.000237
Cp_V2_contig_8442,Cp_V2_contig_5686,.,0.9109,0.000247
Cp_V2_contig_8442,Cp_V2_contig_6333,.,0.9108,0.000248
Cp_V2_contig_8442,Cp_V2_contig_5508,.,0.9106,0.000251
Cp_V2_contig_8442,Cp_V2_contig_11243,.,0.9096,0.000261
Cp_V2_contig_8442,Cp_V2_contig_4523,.,0.9093,0.000265
Cp_V2_contig_8442,Cp_V2_contig_45499,.,0.9084,0.000275
Cp_V2_contig_8442,Cp_V2_contig_7018,.,0.9079,0.000282
Cp_V2_contig_8442,Cp_V2_contig_1073,.,0.9078,0.000282
Cp_V2_contig_8442,Cp_V2_contig_4323,.,0.9074,0.000287
Cp_V2_contig_8442,Cp_V2_contig_33507,.,0.907,0.000292
Cp_V2_contig_8442,Cp_V2_contig_5618,.,0.907,0.000293
Cp_V2_contig_8442,Cp_V2_contig_2070,.,0.9065,0.000299
Cp_V2_contig_8442,Cp_V2_contig_5488,.,0.9055,0.00031
Cp_V2_contig_8442,Cp_V2_contig_6560,.,0.9053,0.000314
Cp_V2_contig_8442,Cp_V2_contig_6745,.,0.9051,0.000316
Cp_V2_contig_8442,Cp_V2_contig_8734,.,0.905,0.000317
Cp_V2_contig_8442,Cp_V2_contig_7346,.,0.9049,0.000318
Cp_V2_contig_8442,Cp_V2_contig_8124,.,0.9042,0.000328
Cp_V2_contig_8442,Cp_V2_contig_10790,.,0.9037,0.000335
Cp_V2_contig_8442,Cp_V2_contig_11988,.,0.9008,0.000376
Cp_V2_contig_8442,Cp_V2_contig_14368,.,0.9005,0.00038
Cp_V2_contig_8442,Cp_V2_contig_21613,.,0.9005,0.00038
Cp_V2_contig_8442,Cp_V2_contig_2704,.,0.9004,0.000381
Cp_V2_contig_8442,Cp_V2_contig_21661,.,0.9002,0.000384
Cp_V2_contig_8442,Cp_V2_contig_17597,.,0.9001,0.000386
